,CITY 1,CITY 2,lat1,lon1,lat2,lon2,distance
0,AGARTALA,AHMEDABAD,23.8361,91.2794,23.0258,72.5873,1907.831061
1,AGARTALA,AIZAWL,23.8361,91.2794,23.7289,92.7179,146.85499
2,AGARTALA,BENGALURU,23.8361,91.2794,12.9719,77.5937,1880.164627
3,AGARTALA,DELHI,23.8361,91.2794,28.652,77.2315,1498.577553
4,AGARTALA,DIBRUGARH,23.8361,91.2794,27.4799,94.9084,544.4124364
5,AGARTALA,GUWAHATI,23.8361,91.2794,26.1844,91.7458,265.3139494
6,AGARTALA,IMPHAL,23.8361,91.2794,24.8081,93.9442,290.8324544
7,AGARTALA,KOLKATA,23.8361,91.2794,22.5626,88.363,329.981285
8,AGARTALA,LUCKNOW,23.8361,91.2794,26.8393,80.9231,1092.611747
9,AGARTALA,MUMBAI,23.8361,91.2794,19.0728,72.8826,1974.348713
10,AGARTALA,SHILLONG,23.8361,91.2794,25.5689,91.8831,202.0984593
11,AGATTI ISLAND,BENGALURU,10.8575,72.1934,12.9719,77.5937,632.799827
12,AGATTI ISLAND,KOCHI,10.8575,72.1934,9.9312,76.2673,457.3050099
13,AGATTI ISLAND,MYSORE,10.8575,72.1934,12.2979,76.6393,510.0819466
14,AGRA,BENGALURU,27.1833,78.0167,12.9719,77.5937,1580.848523
15,AGRA,BHOPAL,27.1833,78.0167,23.2547,77.4029,441.1797968
16,AGRA,LUCKNOW,27.1833,78.0167,26.8393,80.9231,290.4464773
17,AGRA,MUMBAI,27.1833,78.0167,19.0728,72.8826,1043.175092
18,AHMEDABAD,AJMER,23.0258,72.5873,26.4521,74.6387,433.6463627
19,AHMEDABAD,BAGDOGRA,23.0258,72.5873,26.6851,88.3254,1637.910636
20,AHMEDABAD,BELGAUM,23.0258,72.5873,15.8521,74.5045,822.576592
21,AHMEDABAD,BENGALURU,23.0258,72.5873,12.9719,77.5937,1236.584464
22,AHMEDABAD,BHOPAL,23.0258,72.5873,23.2547,77.4029,493.0239111
23,AHMEDABAD,BHUBANESWAR,23.0258,72.5873,20.2511,85.8153,1401.015063
24,AHMEDABAD,CHANDIGARH,23.0258,72.5873,30.7363,76.7884,953.0006165
25,AHMEDABAD,CHENNAI,23.0258,72.5873,13.0878,80.2785,1371.130181
26,AHMEDABAD,COIMBATORE,23.0258,72.5873,11.0056,76.9661,1414.991713
27,AHMEDABAD,DABOLIM,23.0258,72.5873,15.3803,73.8349,860.1555861
28,AHMEDABAD,DEHRA DUN,23.0258,72.5873,30.3244,78.0339,975.0745305
29,AHMEDABAD,DELHI,23.0258,72.5873,28.652,77.2315,779.1570315
30,AHMEDABAD,GUWAHATI,23.0258,72.5873,26.1844,91.7458,1966.530774
31,AHMEDABAD,GWALIOR,23.0258,72.5873,26.2298,78.1734,667.5098543
32,AHMEDABAD,HYDERABAD,23.0258,72.5873,17.3841,78.4564,876.4563048
33,AHMEDABAD,INDORE,23.0258,72.5873,22.7179,75.8333,334.3108519
34,AHMEDABAD,JAIPUR,23.0258,72.5873,26.9196,75.7878,539.8783091
35,AHMEDABAD,JAISALMER,23.0258,72.5873,26.9157,70.9083,464.4497506
36,AHMEDABAD,JALGAON,23.0258,72.5873,21.0029,75.566,380.6167008
37,AHMEDABAD,JODHPUR,23.0258,72.5873,26.2684,73.0059,363.0330204
38,AHMEDABAD,KANDLA,23.0258,72.5873,23.1097,70.1042,254.1992849
39,AHMEDABAD,KOCHI,23.0258,72.5873,9.9312,76.2673,1507.716403
40,AHMEDABAD,KOLKATA,23.0258,72.5873,22.5626,88.363,1617.222716
41,AHMEDABAD,LUCKNOW,23.0258,72.5873,26.8393,80.9231,941.077447
42,AHMEDABAD,MUMBAI,23.0258,72.5873,19.0728,72.8826,440.6198851
43,AHMEDABAD,NAGPUR,23.0258,72.5873,21.1463,79.0849,701.2538395
44,AHMEDABAD,NASIK,23.0258,72.5873,20.1129,73.8938,350.9386612
45,AHMEDABAD,PATNA,23.0258,72.5873,25.5941,85.1356,1302.672829
46,AHMEDABAD,PORBANDAR,23.0258,72.5873,21.6422,69.6093,342.7508019
47,AHMEDABAD,PUNE,23.0258,72.5873,18.5196,73.8553,518.106051
48,AHMEDABAD,RAIPUR,23.0258,72.5873,21.2333,81.6333,952.6608808
49,AHMEDABAD,RAJKOT,23.0258,72.5873,22.2916,70.7932,201.3841378
50,AHMEDABAD,RANCHI,23.0258,72.5873,23.3432,85.3094,1300.450556
51,AHMEDABAD,UDAIPUR,23.0258,72.5873,24.5858,73.7135,207.8832711
52,AHMEDABAD,VARANASI,23.0258,72.5873,25.3167,83.0104,1087.285261
53,AHMEDABAD,VISAKHAPATNAM,23.0258,72.5873,17.6801,83.2016,1255.44648
54,AIZAWL,DELHI,23.7289,92.7179,28.652,77.2315,1637.672665
55,AIZAWL,GUWAHATI,23.7289,92.7179,26.1844,91.7458,290.089376
56,AIZAWL,IMPHAL,23.7289,92.7179,24.8081,93.9442,172.7775618
57,AIZAWL,KOLKATA,23.7289,92.7179,22.5626,88.363,463.7394344
58,AIZAWL,MUMBAI,23.7289,92.7179,19.0728,72.8826,2115.630369
59,AIZAWL,SHILLONG,23.7289,92.7179,25.5689,91.8831,221.3084645
60,AJMER,DELHI,26.4521,74.6387,28.652,77.2315,353.7755947
61,AJMER,HYDERABAD,26.4521,74.6387,17.3841,78.4564,1082.270172
62,AJMER,INDORE,26.4521,74.6387,22.7179,75.8333,432.4270141
63,AJMER,JABALPUR,26.4521,74.6387,23.167,79.9501,648.5862465
64,AJMER,MUMBAI,26.4521,74.6387,19.0728,72.8826,840.0239329
65,AJMER,SURAT,26.4521,74.6387,21.1959,72.8302,612.6991108
66,ALLAHABAD,BENGALURU,25.4448,81.8432,12.9719,77.5937,1456.564769
67,ALLAHABAD,BHOPAL,25.4448,81.8432,23.2547,77.4029,511.4544536
68,ALLAHABAD,BHUBANESWAR,25.4448,81.8432,20.2511,85.8153,706.4028002
69,ALLAHABAD,BILASPUR,25.4448,81.8432,22.08,82.1554,375.4946688
70,ALLAHABAD,DEHRA DUN,25.4448,81.8432,30.3244,78.0339,659.0934084
71,ALLAHABAD,DELHI,25.4448,81.8432,28.652,77.2315,579.3477983
72,ALLAHABAD,GORAKHPUR,25.4448,81.8432,29.4477,75.6721,754.0545286
73,ALLAHABAD,INDORE,25.4448,81.8432,22.7179,75.8333,681.1786423
74,ALLAHABAD,MUMBAI,25.4448,81.8432,19.0728,72.8826,1162.226003
75,ALLAHABAD,PUNE,25.4448,81.8432,18.5196,73.8553,1126.93034
76,ALLAHABAD,RAIPUR,25.4448,81.8432,21.2333,81.6333,468.7871712
77,AMRITSAR,BENGALURU,31.6223,74.8753,12.9719,77.5937,2092.352901
78,AMRITSAR,CHANDIGARH,31.6223,74.8753,30.7363,76.7884,206.9476254
79,AMRITSAR,DABOLIM,31.6223,74.8753,15.3803,73.8349,1809.108587
80,AMRITSAR,DELHI,31.6223,74.8753,28.652,77.2315,400.500884
81,AMRITSAR,GUWAHATI,31.6223,74.8753,26.1844,91.7458,1747.604641
82,AMRITSAR,HYDERABAD,31.6223,74.8753,17.3841,78.4564,1623.808201
83,AMRITSAR,JAIPUR,31.6223,74.8753,26.9196,75.7878,530.3460908
84,AMRITSAR,JAISALMER,31.6223,74.8753,26.9157,70.9083,649.4512105
85,AMRITSAR,JAMMU,31.6223,74.8753,32.7357,74.8691,123.8058063
86,AMRITSAR,KOLKATA,31.6223,74.8753,22.5626,88.363,1670.100777
87,AMRITSAR,MUMBAI,31.6223,74.8753,19.0728,72.8826,1409.639622
88,AMRITSAR,NANDED,31.6223,74.8753,19.1602,77.315,1407.085461
89,AMRITSAR,PATNA,31.6223,74.8753,25.5941,85.1356,1204.224204
90,AMRITSAR,PUNE,31.6223,74.8753,18.5196,73.8553,1460.545074
91,AMRITSAR,SRINAGAR,31.6223,74.8753,34.0857,74.8055,273.9951418
92,AURANGABAD,DELHI,19.8776,75.3423,28.652,77.2315,994.2283297
93,AURANGABAD,HYDERABAD,19.8776,75.3423,17.3841,78.4564,429.5543946
94,AURANGABAD,MUMBAI,19.8776,75.3423,19.0728,72.8826,272.9402541
95,BAGDOGRA,BENGALURU,26.6851,88.3254,12.9719,77.5937,1891.154737
96,BAGDOGRA,BHUBANESWAR,26.6851,88.3254,20.2511,85.8153,759.7865694
97,BAGDOGRA,CHENNAI,26.6851,88.3254,13.0878,80.2785,1728.931987
98,BAGDOGRA,DELHI,26.6851,88.3254,28.652,77.2315,1113.74166
99,BAGDOGRA,DIBRUGARH,26.6851,88.3254,27.4799,94.9084,657.6161512
100,BAGDOGRA,GUWAHATI,26.6851,88.3254,26.1844,91.7458,345.0735578
101,BAGDOGRA,HYDERABAD,26.6851,88.3254,17.3841,78.4564,1449.349777
102,BAGDOGRA,JAIPUR,26.6851,88.3254,26.9196,75.7878,1244.108839
103,BAGDOGRA,KOLKATA,26.6851,88.3254,22.5626,88.363,458.4168302
104,BAGDOGRA,MUMBAI,26.6851,88.3254,19.0728,72.8826,1792.052905
105,BAGDOGRA,PATNA,26.6851,88.3254,25.5941,85.1356,340.7250275
106,BAGDOGRA,RANCHI,26.6851,88.3254,23.3432,85.3094,480.0012401
107,BAGDOGRA,SURAT,26.6851,88.3254,21.1959,72.8302,1687.269151
108,BAREILLY,BENGALURU,28.3668,79.4317,12.9719,77.5937,1722.390401
109,BAREILLY,DELHI,28.3668,79.4317,28.652,77.2315,217.3074297
110,BAREILLY,MUMBAI,28.3668,79.4317,19.0728,72.8826,1229.182996
111,BELGAUM,BENGALURU,15.8521,74.5045,12.9719,77.5937,461.7621509
112,BELGAUM,DELHI,15.8521,74.5045,28.652,77.2315,1450.518623
113,BELGAUM,HYDERABAD,15.8521,74.5045,17.3841,78.4564,454.2094175
114,BELGAUM,INDORE,15.8521,74.5045,22.7179,75.8333,776.0556649
115,BELGAUM,JODHPUR,15.8521,74.5045,26.2684,73.0059,1168.590942
116,BELGAUM,MUMBAI,15.8521,74.5045,19.0728,72.8826,397.2905948
117,BELGAUM,NASIK,15.8521,74.5045,20.1129,73.8938,478.1591184
118,BELGAUM,PUNE,15.8521,74.5045,18.5196,73.8553,304.5225278
119,BELGAUM,SURAT,15.8521,74.5045,21.1959,72.8302,619.8463433
120,BELGAUM,TIRUPATI,15.8521,74.5045,13.6355,79.4199,583.16708
121,BENGALURU,BHOPAL,12.9719,77.5937,23.2547,77.4029,1143.572356
122,BENGALURU,BHUBANESWAR,12.9719,77.5937,20.2511,85.8153,1192.134569
123,BENGALURU,CHANDIGARH,12.9719,77.5937,30.7363,76.7884,1977.037958
124,BENGALURU,CHENNAI,12.9719,77.5937,13.0878,80.2785,291.1336228
125,BENGALURU,COIMBATORE,12.9719,77.5937,11.0056,76.9661,229.0502213
126,BENGALURU,DABOLIM,12.9719,77.5937,15.3803,73.8349,485.6934791
127,BENGALURU,DARBHANGA,12.9719,77.5937,26.1522,85.8971,1702.960735
128,BENGALURU,DEHRA DUN,12.9719,77.5937,30.3244,78.0339,1930.040198
129,BENGALURU,DELHI,12.9719,77.5937,28.652,77.2315,1743.950315
130,BENGALURU,DIBRUGARH,12.9719,77.5937,27.4799,94.9084,2416.315895
131,BENGALURU,DIMAPUR,12.9719,77.5937,25.9117,93.7217,2216.122693
132,BENGALURU,DURGAPUR,12.9719,77.5937,23.5158,87.308,1556.544639
133,BENGALURU,GORAKHPUR,12.9719,77.5937,29.4477,75.6721,1842.714924
134,BENGALURU,GUWAHATI,12.9719,77.5937,26.1844,91.7458,2083.742827
135,BENGALURU,GWALIOR,12.9719,77.5937,26.2298,78.1734,1475.453629
136,BENGALURU,HUBLI,12.9719,77.5937,15.3478,75.1338,374.3302516
137,BENGALURU,HYDERABAD,12.9719,77.5937,17.3841,78.4564,499.2679852
138,BENGALURU,IMPHAL,12.9719,77.5937,24.8081,93.9442,2162.128186
139,BENGALURU,INDORE,12.9719,77.5937,22.7179,75.8333,1099.557614
140,BENGALURU,JABALPUR,12.9719,77.5937,23.167,79.9501,1160.594551
141,BENGALURU,JAIPUR,12.9719,77.5937,26.9196,75.7878,1562.279508
142,BENGALURU,JAISALMER,12.9719,77.5937,26.9157,70.9083,1699.668953
143,BENGALURU,JAMNAGAR,12.9719,77.5937,22.4729,70.0667,1322.77065
144,BENGALURU,JHARSUGUDA,12.9719,77.5937,21.9161,84.0463,1206.809328
145,BENGALURU,JODHPUR,12.9719,77.5937,26.2684,73.0059,1554.163587
146,BENGALURU,JORHAT,12.9719,77.5937,26.7346,94.1846,2308.707287
147,BENGALURU,"KALABURAGI, KARNATAKA",12.9719,77.5937,17.3104,76.9533,487.2887468
148,BENGALURU,KANNUR,12.9719,77.5937,11.9171,75.5461,251.3699563
149,BENGALURU,KANPUR,12.9719,77.5937,26.4652,80.3497,1527.693182
150,BENGALURU,KOCHI,12.9719,77.5937,9.9312,76.2673,367.7072769
151,BENGALURU,KOLHAPUR,12.9719,77.5937,16.6956,74.2317,549.526202
152,BENGALURU,KOLKATA,12.9719,77.5937,22.5626,88.363,1559.938927
153,BENGALURU,KOZHIKODE,12.9719,77.5937,11.248,75.7804,274.9663137
154,BENGALURU,KURNOOL,12.9719,77.5937,15.8289,78.036,321.2346762
155,BENGALURU,LUCKNOW,12.9719,77.5937,26.8393,80.9231,1580.523899
156,BENGALURU,MADURAI,12.9719,77.5937,9.919,78.1195,344.2683135
157,BENGALURU,MANGALORE,12.9719,77.5937,12.9172,74.856,296.7431746
158,BENGALURU,MUMBAI,12.9719,77.5937,19.0728,72.8826,844.6391079
159,BENGALURU,MYSORE,12.9719,77.5937,12.2979,76.6393,127.8287519
160,BENGALURU,NAGPUR,12.9719,77.5937,21.1463,79.0849,922.6411466
161,BENGALURU,PATNA,12.9719,77.5937,25.5941,85.1356,1610.248221
162,BENGALURU,PORT BLAIR,12.9719,77.5937,11.6501,92.733,1650.997205
163,BENGALURU,PUNE,12.9719,77.5937,18.5196,73.8553,735.1537014
164,BENGALURU,RAIPUR,12.9719,77.5937,21.2333,81.6333,1013.790915
165,BENGALURU,RAJAHMUNDRY,12.9719,77.5937,17.0052,81.7778,634.8299398
166,BENGALURU,RAJKOT,12.9719,77.5937,22.2916,70.7932,1261.634936
167,BENGALURU,RANCHI,12.9719,77.5937,23.3432,85.3094,1411.396961
168,BENGALURU,SHIRDI,12.9719,77.5937,19.6936,74.3944,821.590782
169,BENGALURU,SILCHAR,12.9719,77.5937,24.8273,92.7979,2069.347788
170,BENGALURU,SRINAGAR,12.9719,77.5937,34.0857,74.8055,2364.587743
171,BENGALURU,SURAT,12.9719,77.5937,21.1959,72.8302,1044.99623
172,BENGALURU,TIRUCHIRAPALLY,12.9719,77.5937,10.7617,78.7089,274.0880634
173,BENGALURU,TIRUPATI,12.9719,77.5937,13.6355,79.4199,210.9400705
174,BENGALURU,TRIVANDRUM,12.9719,77.5937,8.4834,76.9198,504.4965367
175,BENGALURU,TUTICORIN,12.9719,77.5937,8.7259,78.027,474.4978401
176,BENGALURU,UDAIPUR,12.9719,77.5937,24.5858,73.7135,1354.185819
177,BENGALURU,VADODARA,12.9719,77.5937,22.2994,73.2081,1136.253618
178,BENGALURU,VARANASI,12.9719,77.5937,25.3167,83.0104,1485.353093
179,BENGALURU,VIJAYAWADA,12.9719,77.5937,16.5075,80.6466,512.1472316
180,BENGALURU,VISAKHAPATNAM,12.9719,77.5937,17.6801,83.2016,797.1744115
181,BHAVNAGAR,MUMBAI,21.7629,72.1533,19.0728,72.8826,308.6267495
182,BHAVNAGAR,SURAT,21.7629,72.1533,21.1959,72.8302,94.23686707
183,BHOPAL,DELHI,23.2547,77.4029,28.652,77.2315,600.3966793
184,BHOPAL,HYDERABAD,23.2547,77.4029,17.3841,78.4564,661.9485928
185,BHOPAL,KOCHI,23.2547,77.4029,9.9312,76.2673,1486.411672
186,BHOPAL,MUMBAI,23.2547,77.4029,19.0728,72.8826,660.1400676
187,BHOPAL,NAGPUR,23.2547,77.4029,21.1463,79.0849,291.452188
188,BHOPAL,PUNE,23.2547,77.4029,18.5196,73.8553,642.601183
189,BHOPAL,RAIPUR,23.2547,77.4029,21.2333,81.6333,489.9444885
190,BHUBANESWAR,CHENNAI,20.2511,85.8153,13.0878,80.2785,990.8098766
191,BHUBANESWAR,DABOLIM,20.2511,85.8153,15.3803,73.8349,1378.420971
192,BHUBANESWAR,DELHI,20.2511,85.8153,28.652,77.2315,1274.798248
193,BHUBANESWAR,HYDERABAD,20.2511,85.8153,17.3841,78.4564,837.4257183
194,BHUBANESWAR,JAIPUR,20.2511,85.8153,26.9196,75.7878,1261.646852
195,BHUBANESWAR,JHARSUGUDA,20.2511,85.8153,21.9161,84.0463,260.6880634
196,BHUBANESWAR,KOLKATA,20.2511,85.8153,22.5626,88.363,368.2532199
197,BHUBANESWAR,LUCKNOW,20.2511,85.8153,26.8393,80.9231,885.9518423
198,BHUBANESWAR,MUMBAI,20.2511,85.8153,19.0728,72.8826,1360.169109
199,BHUBANESWAR,PUNE,20.2511,85.8153,18.5196,73.8553,1268.871376
200,BHUBANESWAR,RAIPUR,20.2511,85.8153,21.2333,81.6333,448.3618542
201,BHUBANESWAR,RANCHI,20.2511,85.8153,23.3432,85.3094,347.7691244
202,BHUBANESWAR,SURAT,20.2511,85.8153,21.1959,72.8302,1354.152889
203,BHUBANESWAR,VARANASI,20.2511,85.8153,25.3167,83.0104,632.3564458
204,BHUJ,MUMBAI,23.254,69.6693,19.0728,72.8826,571.9336366
205,BIKANER,DELHI,28.0176,73.3149,28.652,77.2315,389.7443188
206,BILASPUR,DELHI,22.08,82.1554,28.652,77.2315,882.2168648
207,BILASPUR,JABALPUR,22.08,82.1554,23.167,79.9501,256.5930581
208,CHANDIGARH,DABOLIM,30.7363,76.7884,15.3803,73.8349,1733.79616
209,CHANDIGARH,DEHRA DUN,30.7363,76.7884,30.3244,78.0339,127.7818588
210,CHANDIGARH,DELHI,30.7363,76.7884,28.652,77.2315,235.6816296
211,CHANDIGARH,DHARAMSALA,30.7363,76.7884,32.219,76.3234,170.6633881
212,CHANDIGARH,GUWAHATI,30.7363,76.7884,26.1844,91.7458,1545.731017
213,CHANDIGARH,HYDERABAD,30.7363,76.7884,17.3841,78.4564,1494.255344
214,CHANDIGARH,JAIPUR,30.7363,76.7884,26.9196,75.7878,435.4395956
215,CHANDIGARH,KOLKATA,30.7363,76.7884,22.5626,88.363,1464.381882
216,CHANDIGARH,KULLU,30.7363,76.7884,31.9578,77.1094,139.2030474
217,CHANDIGARH,LEH,30.7363,76.7884,34.1425,77.5554,385.5264989
218,CHANDIGARH,LUCKNOW,30.7363,76.7884,26.8393,80.9231,591.6025793
219,CHANDIGARH,MUMBAI,30.7363,76.7884,19.0728,72.8826,1355.095759
220,CHANDIGARH,PUNE,30.7363,76.7884,18.5196,73.8553,1390.214812
221,CHANDIGARH,SRINAGAR,30.7363,76.7884,34.0857,74.8055,416.3349342
222,CHENNAI,COIMBATORE,13.0878,80.2785,11.0056,76.9661,428.1824399
223,CHENNAI,DABOLIM,13.0878,80.2785,15.3803,73.8349,739.7312539
224,CHENNAI,DARBHANGA,13.0878,80.2785,26.1522,85.8971,1566.694302
225,CHENNAI,DEHRA DUN,13.0878,80.2785,30.3244,78.0339,1930.443884
226,CHENNAI,DELHI,13.0878,80.2785,28.652,77.2315,1759.124217
227,CHENNAI,DIBRUGARH,13.0878,80.2785,27.4799,94.9084,2206.929402
228,CHENNAI,DURGAPUR,13.0878,80.2785,23.5158,87.308,1375.923428
229,CHENNAI,GORAKHPUR,13.0878,80.2785,29.4477,75.6721,1880.113428
230,CHENNAI,GUWAHATI,13.0878,80.2785,26.1844,91.7458,1885.147005
231,CHENNAI,HUBLI,13.0878,80.2785,15.3478,75.1338,608.7761533
232,CHENNAI,HYDERABAD,13.0878,80.2785,17.3841,78.4564,516.1549127
233,CHENNAI,INDORE,13.0878,80.2785,22.7179,75.8333,1169.267222
234,CHENNAI,JAIPUR,13.0878,80.2785,26.9196,75.7878,1607.538038
235,CHENNAI,JODHPUR,13.0878,80.2785,26.2684,73.0059,1650.515107
236,CHENNAI,KANNUR,13.0878,80.2785,11.9171,75.5461,529.9599079
237,CHENNAI,KOCHI,13.0878,80.2785,9.9312,76.2673,560.500006
238,CHENNAI,KOLKATA,13.0878,80.2785,22.5626,88.363,1356.487547
239,CHENNAI,KOZHIKODE,13.0878,80.2785,11.248,75.7804,529.9758953
240,CHENNAI,KURNOOL,13.0878,80.2785,15.8289,78.036,388.8299522
241,CHENNAI,LUCKNOW,13.0878,80.2785,26.8393,80.9231,1530.57044
242,CHENNAI,MADURAI,13.0878,80.2785,9.919,78.1195,423.6495753
243,CHENNAI,MANGALORE,13.0878,80.2785,12.9172,74.856,587.7897149
244,CHENNAI,MUMBAI,13.0878,80.2785,19.0728,72.8826,1032.738204
245,CHENNAI,MYSORE,13.0878,80.2785,12.2979,76.6393,404.4177945
246,CHENNAI,NAGPUR,13.0878,80.2785,21.1463,79.0849,904.9786543
247,CHENNAI,NASIK,13.0878,80.2785,20.1129,73.8938,1035.526127
248,CHENNAI,PATNA,13.0878,80.2785,25.5941,85.1356,1480.586683
249,CHENNAI,PORT BLAIR,13.0878,80.2785,11.6501,92.733,1361.98348
250,CHENNAI,PUNE,13.0878,80.2785,18.5196,73.8553,914.6645657
251,CHENNAI,RAIPUR,13.0878,80.2785,21.2333,81.6333,917.0799612
252,CHENNAI,RAJAHMUNDRY,13.0878,80.2785,17.0052,81.7778,464.3826453
253,CHENNAI,RANCHI,13.0878,80.2785,23.3432,85.3094,1257.671853
254,CHENNAI,SHIRDI,13.0878,80.2785,19.6936,74.3944,965.8964332
255,CHENNAI,SURAT,13.0878,80.2785,21.1959,72.8302,1199.071847
256,CHENNAI,TIRUCHIRAPALLY,13.0878,80.2785,10.7617,78.7089,309.9293513
257,CHENNAI,TRIVANDRUM,13.0878,80.2785,8.4834,76.9198,629.796425
258,CHENNAI,TUTICORIN,13.0878,80.2785,8.7259,78.027,543.7339869
259,CHENNAI,VARANASI,13.0878,80.2785,25.3167,83.0104,1389.568518
260,CHENNAI,VIJAYAWADA,13.0878,80.2785,16.5075,80.6466,382.306227
261,CHENNAI,VISAKHAPATNAM,13.0878,80.2785,17.6801,83.2016,599.0822897
262,COIMBATORE,DABOLIM,11.0056,76.9661,15.3803,73.8349,592.8507058
263,COIMBATORE,DELHI,11.0056,76.9661,28.652,77.2315,1962.384366
264,COIMBATORE,GUWAHATI,11.0056,76.9661,26.1844,91.7458,2292.260062
265,COIMBATORE,HYDERABAD,11.0056,76.9661,17.3841,78.4564,727.2022699
266,COIMBATORE,JAIPUR,11.0056,76.9661,26.9196,75.7878,1773.851294
267,COIMBATORE,KOCHI,11.0056,76.9661,9.9312,76.2673,141.812583
268,COIMBATORE,MANGALORE,11.0056,76.9661,12.9172,74.856,312.831768
269,COIMBATORE,MUMBAI,11.0056,76.9661,19.0728,72.8826,998.2817948
270,COIMBATORE,PUNE,11.0056,76.9661,18.5196,73.8553,899.8762415
271,COIMBATORE,SURAT,11.0056,76.9661,21.1959,72.8302,1215.944206
272,COIMBATORE,TIRUPATI,11.0056,76.9661,13.6355,79.4199,395.6753067
273,DABOLIM,DELHI,15.3803,73.8349,28.652,77.2315,1516.443809
274,DABOLIM,HYDERABAD,15.3803,73.8349,17.3841,78.4564,540.9960255
275,DABOLIM,INDORE,15.3803,73.8349,22.7179,75.8333,842.4577281
276,DABOLIM,JAIPUR,15.3803,73.8349,26.9196,75.7878,1298.918817
277,DABOLIM,KANNUR,15.3803,73.8349,11.9171,75.5461,427.1667402
278,DABOLIM,KOCHI,15.3803,73.8349,9.9312,76.2673,660.8415245
279,DABOLIM,KOLKATA,15.3803,73.8349,22.5626,88.363,1722.269308
280,DABOLIM,LUCKNOW,15.3803,73.8349,26.8393,80.9231,1470.195499
281,DABOLIM,MUMBAI,15.3803,73.8349,19.0728,72.8826,422.8555077
282,DABOLIM,MYSORE,15.3803,73.8349,12.2979,76.6393,457.302914
283,DABOLIM,NAGPUR,15.3803,73.8349,21.1463,79.0849,847.3666065
284,DABOLIM,PUNE,15.3803,73.8349,18.5196,73.8553,349.0809748
285,DABOLIM,RAIPUR,15.3803,73.8349,21.2333,81.6333,1049.015461
286,DABOLIM,RAJKOT,15.3803,73.8349,22.2916,70.7932,832.4025212
287,DABOLIM,SURAT,15.3803,73.8349,21.1959,72.8302,655.2975646
288,DABOLIM,TRIVANDRUM,15.3803,73.8349,8.4834,76.9198,837.0288457
289,DARBHANGA,DELHI,26.1522,85.8971,28.652,77.2315,899.2024161
290,DARBHANGA,HYDERABAD,26.1522,85.8971,17.3841,78.4564,1240.619226
291,DARBHANGA,KOLKATA,26.1522,85.8971,22.5626,88.363,470.8260893
292,DARBHANGA,MUMBAI,26.1522,85.8971,19.0728,72.8826,1549.09725
293,DEHRA DUN,DELHI,30.3244,78.0339,28.652,77.2315,201.5265335
294,DEHRA DUN,JAIPUR,30.3244,78.0339,26.9196,75.7878,437.4596352
295,DEHRA DUN,LUCKNOW,30.3244,78.0339,26.8393,80.9231,479.2845226
296,DEHRA DUN,MUMBAI,30.3244,78.0339,19.0728,72.8826,1354.496324
297,DEHRA DUN,PANTNAGAR,30.3244,78.0339,29.0335,79.4689,199.5523626
298,DELHI,DHARAMSALA,28.652,77.2315,32.219,76.3234,406.0688137
299,DELHI,DIBRUGARH,28.652,77.2315,27.4799,94.9084,1737.746741
300,DELHI,DIMAPUR,28.652,77.2315,25.9117,93.7217,1656.456153
301,DELHI,DURGAPUR,28.652,77.2315,23.5158,87.308,1156.383145
302,DELHI,GAYA,28.652,77.2315,24.7969,85.0039,882.6400475
303,DELHI,GORAKHPUR,28.652,77.2315,29.4477,75.6721,175.5131083
304,DELHI,GUWAHATI,28.652,77.2315,26.1844,91.7458,1457.664585
305,DELHI,GWALIOR,28.652,77.2315,26.2298,78.1734,284.9201489
306,DELHI,HYDERABAD,28.652,77.2315,17.3841,78.4564,1259.15779
307,DELHI,IMPHAL,28.652,77.2315,24.8081,93.9442,1712.232686
308,DELHI,INDORE,28.652,77.2315,22.7179,75.8333,674.5311591
309,DELHI,JABALPUR,28.652,77.2315,23.167,79.9501,667.6965955
310,DELHI,JAIPUR,28.652,77.2315,26.9196,75.7878,239.3222752
311,DELHI,JAISALMER,28.652,77.2315,26.9157,70.9083,651.2137643
312,DELHI,JAMMU,28.652,77.2315,32.7357,74.8691,507.1223209
313,DELHI,JHARSUGUDA,28.652,77.2315,21.9161,84.0463,1014.624066
314,DELHI,JODHPUR,28.652,77.2315,26.2684,73.0059,493.9774796
315,DELHI,JORHAT,28.652,77.2315,26.7346,94.1846,1681.263687
316,DELHI,KANDLA,28.652,77.2315,23.1097,70.1042,942.024185
317,DELHI,KANNUR,28.652,77.2315,11.9171,75.5461,1869.037209
318,DELHI,KANPUR,28.652,77.2315,26.4652,80.3497,391.903822
319,DELHI,KOCHI,28.652,77.2315,9.9312,76.2673,2084.086156
320,DELHI,KOLKATA,28.652,77.2315,22.5626,88.363,1304.469483
321,DELHI,KOZHIKODE,28.652,77.2315,11.248,75.7804,1941.107161
322,DELHI,KULLU,28.652,77.2315,31.9578,77.1094,367.774926
323,DELHI,LEH,28.652,77.2315,34.1425,77.5554,611.2880155
324,DELHI,LUCKNOW,28.652,77.2315,26.8393,80.9231,415.4246888
325,DELHI,MADURAI,28.652,77.2315,9.919,78.1195,2085.073074
326,DELHI,MUMBAI,28.652,77.2315,19.0728,72.8826,1152.99562
327,DELHI,NAGPUR,28.652,77.2315,21.1463,79.0849,855.2257465
328,DELHI,NASIK,28.652,77.2315,20.1129,73.8938,1007.709347
329,DELHI,PAKYONG,28.652,77.2315,27.2266,88.5877,1126.323653
330,DELHI,PANTNAGAR,28.652,77.2315,29.0335,79.4689,222.0111683
331,DELHI,PATHANKOT,28.652,77.2315,32.2748,75.6529,430.2947793
332,DELHI,PATNA,28.652,77.2315,25.5941,85.1356,852.6771517
333,DELHI,PORT BLAIR,28.652,77.2315,11.6501,92.733,2482.653876
334,DELHI,PUNE,28.652,77.2315,18.5196,73.8553,1177.824788
335,DELHI,RAIPUR,28.652,77.2315,21.2333,81.6333,936.4767031
336,DELHI,RAJKOT,28.652,77.2315,22.2916,70.7932,957.6630388
337,DELHI,RANCHI,28.652,77.2315,23.3432,85.3094,999.6231336
338,DELHI,SHIRDI,28.652,77.2315,19.6936,74.3944,1036.741218
339,DELHI,SILCHAR,28.652,77.2315,24.8273,92.7979,1601.816593
340,DELHI,SRINAGAR,28.652,77.2315,34.0857,74.8055,646.5468146
341,DELHI,SURAT,28.652,77.2315,21.1959,72.8302,940.1477689
342,DELHI,TIRUCHIRAPALLY,28.652,77.2315,10.7617,78.7089,1995.245698
343,DELHI,TIRUPATI,28.652,77.2315,13.6355,79.4199,1684.984937
344,DELHI,TRIVANDRUM,28.652,77.2315,8.4834,76.9198,2242.883315
345,DELHI,UDAIPUR,28.652,77.2315,24.5858,73.7135,571.5227051
346,DELHI,VADODARA,28.652,77.2315,22.2994,73.2081,813.5080194
347,DELHI,VARANASI,28.652,77.2315,25.3167,83.0104,682.0722726
348,DELHI,VIJAYAWADA,28.652,77.2315,16.5075,80.6466,1394.932356
349,DELHI,VISAKHAPATNAM,28.652,77.2315,17.6801,83.2016,1363.494513
350,DELHI,Kushinagar International Airport,28.652,77.2315,26.7731,83.8963,688.4170999
351,DIBRUGARH,DIMAPUR,27.4799,94.9084,25.9117,93.7217,210.4832124
352,DIBRUGARH,GUWAHATI,27.4799,94.9084,26.1844,91.7458,345.268893
353,DIBRUGARH,HYDERABAD,27.4799,94.9084,17.3841,78.4564,2026.196263
354,DIBRUGARH,IMPHAL,27.4799,94.9084,24.8081,93.9442,312.2867195
355,DIBRUGARH,KOLKATA,27.4799,94.9084,22.5626,88.363,856.3847106
356,DIBRUGARH,MUMBAI,27.4799,94.9084,19.0728,72.8826,2431.369779
357,DIBRUGARH,SHILLONG,27.4799,94.9084,25.5689,91.8831,368.415132
358,DIMAPUR,GUWAHATI,25.9117,93.7217,26.1844,91.7458,199.7065323
359,DIMAPUR,IMPHAL,25.9117,93.7217,24.8081,93.9442,124.7345176
360,DIMAPUR,KOLKATA,25.9117,93.7217,22.5626,88.363,658.5804652
361,DIMAPUR,MUMBAI,25.9117,93.7217,19.0728,72.8826,2268.512222
362,DIMAPUR,SHILLONG,25.9117,93.7217,25.5689,91.8831,188.0580774
363,DIU,MUMBAI,20.7133,70.925,19.0728,72.8826,274.1667179
364,DURGAPUR,HYDERABAD,23.5158,87.308,17.3841,78.4564,1146.301669
365,DURGAPUR,MUMBAI,23.5158,87.308,19.0728,72.8826,1573.044171
366,GAYA,KOLKATA,24.7969,85.0039,22.5626,88.363,422.7347052
367,GHAZIABAD,HUBLI,28.6653,77.4391,15.3478,75.1338,1499.661468
368,GHAZIABAD,"KALABURAGI, KARNATAKA",28.6653,77.4391,17.3104,76.9533,1263.581255
369,GORAKHPUR,HYDERABAD,29.4477,75.6721,17.3841,78.4564,1370.995559
370,GORAKHPUR,KOLKATA,29.4477,75.6721,22.5626,88.363,1479.89616
371,GORAKHPUR,LUCKNOW,29.4477,75.6721,26.8393,80.9231,590.8207511
372,GORAKHPUR,MUMBAI,29.4477,75.6721,19.0728,72.8826,1187.640378
373,GUWAHATI,HYDERABAD,26.1844,91.7458,17.3841,78.4564,1683.389697
374,GUWAHATI,IMPHAL,26.1844,91.7458,24.8081,93.9442,268.5135698
375,GUWAHATI,JAIPUR,26.1844,91.7458,26.9196,75.7878,1588.350579
376,GUWAHATI,JODHPUR,26.1844,91.7458,26.2684,73.0059,1867.648763
377,GUWAHATI,JORHAT,26.1844,91.7458,26.7346,94.1846,250.3605845
378,GUWAHATI,KOLKATA,26.1844,91.7458,22.5626,88.363,528.6883996
379,GUWAHATI,LILABARI,26.1844,91.7458,27.2874,94.093,263.3830169
380,GUWAHATI,LUCKNOW,26.1844,91.7458,26.8393,80.9231,1079.009185
381,GUWAHATI,MUMBAI,26.1844,91.7458,19.0728,72.8826,2088.327775
382,GUWAHATI,PASIGHAT,26.1844,91.7458,28.0687,95.3323,412.1277358
383,GUWAHATI,PATNA,26.1844,91.7458,25.5941,85.1356,664.4289644
384,GUWAHATI,PUNE,26.1844,91.7458,18.5196,73.8553,2024.809573
385,GUWAHATI,RUPSI,26.1844,91.7458,26.1379,89.9082,183.4708793
386,GUWAHATI,SHILLONG,26.1844,91.7458,25.5689,91.8831,69.80531768
387,GUWAHATI,SILCHAR,26.1844,91.7458,24.8273,92.7979,184.1716988
388,GUWAHATI,TEZPUR,26.1844,91.7458,26.6987,92.7687,116.7997326
389,GUWAHATI,TEZU,26.1844,91.7458,27.9405,96.1342,476.3510919
390,GUWAHATI,UDAIPUR,26.1844,91.7458,24.5858,73.7135,1818.725326
391,GWALIOR,HYDERABAD,26.2298,78.1734,17.3841,78.4564,984.0295048
392,GWALIOR,INDORE,26.2298,78.1734,22.7179,75.8333,456.6750243
393,GWALIOR,JAIPUR,26.2298,78.1734,26.9196,75.7878,249.3271753
394,GWALIOR,JAMMU,26.2298,78.1734,32.7357,74.8691,790.8333316
395,GWALIOR,KOLKATA,26.2298,78.1734,22.5626,88.363,1109.033822
396,GWALIOR,MUMBAI,26.2298,78.1734,19.0728,72.8826,963.0638977
397,HUBLI,KANNUR,15.3478,75.1338,11.9171,75.5461,384.0685341
398,HUBLI,KOCHI,15.3478,75.1338,9.9312,76.2673,614.7159801
399,HUBLI,MUMBAI,15.3478,75.1338,19.0728,72.8826,478.2378328
400,HUBLI,TIRUPATI,15.3478,75.1338,13.6355,79.4199,499.1428828
401,HYDERABAD,IMPHAL,17.3841,78.4564,24.8081,93.9442,1804.384411
402,HYDERABAD,INDORE,17.3841,78.4564,22.7179,75.8333,653.2641592
403,HYDERABAD,JABALPUR,17.3841,78.4564,23.167,79.9501,661.6124161
404,HYDERABAD,JAGDALPUR,17.3841,78.4564,19.0738,82.0357,422.1215079
405,HYDERABAD,JAIPUR,17.3841,78.4564,26.9196,75.7878,1095.218646
406,HYDERABAD,JAMNAGAR,17.3841,78.4564,22.4729,70.0667,1043.311872
407,HYDERABAD,JHARSUGUDA,17.3841,78.4564,21.9161,84.0463,772.2252988
408,HYDERABAD,JODHPUR,17.3841,78.4564,26.2684,73.0059,1136.439709
409,HYDERABAD,KANNUR,17.3841,78.4564,11.9171,75.5461,683.7245325
410,HYDERABAD,KOCHI,17.3841,78.4564,9.9312,76.2673,861.7653943
411,HYDERABAD,KOLHAPUR,17.3841,78.4564,16.6956,74.2317,455.6090568
412,HYDERABAD,KOLKATA,17.3841,78.4564,22.5626,88.363,1184.102703
413,HYDERABAD,KOZHIKODE,17.3841,78.4564,11.248,75.7804,740.6542
414,HYDERABAD,LUCKNOW,17.3841,78.4564,26.8393,80.9231,1081.541157
415,HYDERABAD,MADURAI,17.3841,78.4564,9.919,78.1195,830.8777678
416,HYDERABAD,MANGALORE,17.3841,78.4564,12.9172,74.856,629.2382443
417,HYDERABAD,MUMBAI,17.3841,78.4564,19.0728,72.8826,617.8500168
418,HYDERABAD,MYSORE,17.3841,78.4564,12.2979,76.6393,598.3091996
419,HYDERABAD,NAGPUR,17.3841,78.4564,21.1463,79.0849,423.5050616
420,HYDERABAD,PATNA,17.3841,78.4564,25.5941,85.1356,1144.424402
421,HYDERABAD,PORT BLAIR,17.3841,78.4564,11.6501,92.733,1662.870666
422,HYDERABAD,PUNE,17.3841,78.4564,18.5196,73.8553,502.7997599
423,HYDERABAD,RAIPUR,17.3841,78.4564,21.2333,81.6333,542.4748583
424,HYDERABAD,RAJAHMUNDRY,17.3841,78.4564,17.0052,81.7778,355.3178828
425,HYDERABAD,RANCHI,17.3841,78.4564,23.3432,85.3094,974.0139371
426,HYDERABAD,SHIRDI,17.3841,78.4564,19.6936,74.3944,499.2929492
427,HYDERABAD,SRINAGAR,17.3841,78.4564,34.0857,74.8055,1892.367571
428,HYDERABAD,SURAT,17.3841,78.4564,21.1959,72.8302,726.7147718
429,HYDERABAD,TIRUCHIRAPALLY,17.3841,78.4564,10.7617,78.7089,736.8800539
430,HYDERABAD,TIRUPATI,17.3841,78.4564,13.6355,79.4199,429.4136484
431,HYDERABAD,TRIVANDRUM,17.3841,78.4564,8.4834,76.9198,1003.592452
432,HYDERABAD,UDAIPUR,17.3841,78.4564,24.5858,73.7135,939.8166459
433,HYDERABAD,VADODARA,17.3841,78.4564,22.2994,73.2081,774.4524757
434,HYDERABAD,VARANASI,17.3841,78.4564,25.3167,83.0104,999.969286
435,HYDERABAD,VIJAYAWADA,17.3841,78.4564,16.5075,80.6466,252.5307857
436,HYDERABAD,VISAKHAPATNAM,17.3841,78.4564,17.6801,83.2016,504.19397
437,IMPHAL,KOLKATA,24.8081,93.9442,22.5626,88.363,620.6698269
438,IMPHAL,MUMBAI,24.8081,93.9442,19.0728,72.8826,2261.0426
439,IMPHAL,SHILLONG,24.8081,93.9442,25.5689,91.8831,223.9775573
440,INDORE,JABALPUR,22.7179,75.8333,23.167,79.9501,424.4886113
441,INDORE,JAIPUR,22.7179,75.8333,26.9196,75.7878,467.2302735
442,INDORE,JODHPUR,22.7179,75.8333,26.2684,73.0059,487.5175175
443,INDORE,KOLKATA,22.7179,75.8333,22.5626,88.363,1285.610286
444,INDORE,LUCKNOW,22.7179,75.8333,26.8393,80.9231,688.3665192
445,INDORE,MUMBAI,22.7179,75.8333,19.0728,72.8826,508.1247307
446,INDORE,NAGPUR,22.7179,75.8333,21.1463,79.0849,378.1712669
447,INDORE,PUNE,22.7179,75.8333,18.5196,73.8553,510.1751133
448,INDORE,RAIPUR,22.7179,75.8333,21.2333,81.6333,620.3780878
449,INDORE,SURAT,22.7179,75.8333,21.1959,72.8302,352.9154811
450,INDORE,TRIVANDRUM,22.7179,75.8333,8.4834,76.9198,1587.048578
451,JABALPUR,MUMBAI,23.167,79.9501,19.0728,72.8826,862.6968882
452,JABALPUR,PUNE,23.167,79.9501,18.5196,73.8553,817.2080266
453,JAGDALPUR,RAIPUR,19.0738,82.0357,21.2333,81.6333,243.7711512
454,JAIPUR,JAISALMER,26.9196,75.7878,26.9157,70.9083,483.7621902
455,JAIPUR,KOLKATA,26.9196,75.7878,22.5626,88.363,1358.332932
456,JAIPUR,LUCKNOW,26.9196,75.7878,26.8393,80.9231,509.3695582
457,JAIPUR,MUMBAI,26.9196,75.7878,19.0728,72.8826,921.6900656
458,JAIPUR,NAGPUR,26.9196,75.7878,21.1463,79.0849,723.9304176
459,JAIPUR,PUNE,26.9196,75.7878,18.5196,73.8553,954.7801823
460,JAIPUR,SURAT,26.9196,75.7878,21.1959,72.8302,703.6494746
461,JAIPUR,UDAIPUR,26.9196,75.7878,24.5858,73.7135,332.4000378
462,JAISALMER,MUMBAI,26.9157,70.9083,19.0728,72.8826,895.1442495
463,JALGAON,MUMBAI,21.0029,75.566,19.0728,72.8826,353.0254159
464,JAMMU,LEH,32.7357,74.8691,34.1425,77.5554,294.2610131
465,JAMMU,MUMBAI,32.7357,74.8691,19.0728,72.8826,1532.078502
466,JAMMU,SRINAGAR,32.7357,74.8691,34.0857,74.8055,150.2291699
467,JAMNAGAR,MUMBAI,22.4729,70.0667,19.0728,72.8826,478.1315419
468,JHARSUGUDA,KOLKATA,21.9161,84.0463,22.5626,88.363,450.0486145
469,JHARSUGUDA,RAIPUR,21.9161,84.0463,21.2333,81.6333,260.8061869
470,JODHPUR,KOLKATA,26.2684,73.0059,22.5626,88.363,1607.397182
471,JODHPUR,MUMBAI,26.2684,73.0059,19.0728,72.8826,800.2140234
472,JODHPUR,NAGPUR,26.2684,73.0059,21.1463,79.0849,840.8201914
473,JORHAT,KOLKATA,26.7346,94.1846,22.5626,88.363,749.0402779
474,"KALABURAGI, KARNATAKA",TIRUPATI,17.3104,76.9533,13.6355,79.4199,486.6418152
475,KANDLA,MUMBAI,23.1097,70.1042,19.0728,72.8826,533.4139845
476,KANNUR,KOCHI,11.9171,75.5461,9.9312,76.2673,234.4392123
477,KANNUR,KOZHIKODE,11.9171,75.5461,11.248,75.7804,78.65637141
478,KANNUR,MUMBAI,11.9171,75.5461,19.0728,72.8826,845.237432
479,KANNUR,TRIVANDRUM,11.9171,75.5461,8.4834,76.9198,410.3313586
480,KANPUR,MUMBAI,26.4652,80.3497,19.0728,72.8826,1122.699854
481,KOCHI,KOLKATA,9.9312,76.2673,22.5626,88.363,1905.557092
482,KOCHI,LUCKNOW,9.9312,76.2673,26.8393,80.9231,1942.616065
483,KOCHI,MUMBAI,9.9312,76.2673,19.0728,72.8826,1079.674064
484,KOCHI,MYSORE,9.9312,76.2673,12.2979,76.6393,266.2761969
485,KOCHI,PUNE,9.9312,76.2673,18.5196,73.8553,989.6646976
486,KOCHI,RANCHI,9.9312,76.2673,23.3432,85.3094,1773.8671
487,KOCHI,TRIVANDRUM,9.9312,76.2673,8.4834,76.9198,176.19947
488,KOCHI,VADODARA,9.9312,76.2673,22.2994,73.2081,1413.391475
489,KOLHAPUR,MUMBAI,16.6956,74.2317,19.0728,72.8826,300.415438
490,KOLHAPUR,TIRUPATI,16.6956,74.2317,13.6355,79.4199,652.468621
491,KOLKATA,LILABARI,22.5626,88.363,27.2874,94.093,780.712997
492,KOLKATA,LUCKNOW,22.5626,88.363,26.8393,80.9231,889.0760424
493,KOLKATA,MANGALORE,22.5626,88.363,12.9172,74.856,1785.887869
494,KOLKATA,MUMBAI,22.5626,88.363,19.0728,72.8826,1654.146726
495,KOLKATA,NAGPUR,22.5626,88.363,21.1463,79.0849,970.2188617
496,KOLKATA,PAKYONG,22.5626,88.363,27.2266,88.5877,519.1076707
497,KOLKATA,PASIGHAT,22.5626,88.363,28.0687,95.3323,929.9725993
498,KOLKATA,PATNA,22.5626,88.363,25.5941,85.1356,470.0363183
499,KOLKATA,PORT BLAIR,22.5626,88.363,11.6501,92.733,1298.929611
500,KOLKATA,PUNE,22.5626,88.363,18.5196,73.8553,1575.186962
501,KOLKATA,RAIPUR,22.5626,88.363,21.2333,81.6333,709.8000045
502,KOLKATA,RANCHI,22.5626,88.363,23.3432,85.3094,324.4772206
503,KOLKATA,RUPSI,22.5626,88.363,26.1379,89.9082,427.2468697
504,KOLKATA,SHILLONG,22.5626,88.363,25.5689,91.8831,489.309704
505,KOLKATA,SILCHAR,22.5626,88.363,24.8273,92.7979,516.9799402
506,KOLKATA,SRINAGAR,22.5626,88.363,34.0857,74.8055,1841.139203
507,KOLKATA,SURAT,22.5626,88.363,21.1959,72.8302,1609.212388
508,KOLKATA,TEZPUR,22.5626,88.363,26.6987,92.7687,640.0553352
509,KOLKATA,UDAIPUR,22.5626,88.363,24.5858,73.7135,1509.089597
510,KOLKATA,VARANASI,22.5626,88.363,25.3167,83.0104,624.157611
511,KOLKATA,VISAKHAPATNAM,22.5626,88.363,17.6801,83.2016,764.7784396
512,KOZHIKODE,LUCKNOW,11.248,75.7804,26.8393,80.9231,1815.306558
513,KOZHIKODE,MUMBAI,11.248,75.7804,19.0728,72.8826,923.8917439
514,KURNOOL,VISAKHAPATNAM,15.8289,78.036,17.6801,83.2016,587.2194995
515,LEH,SRINAGAR,34.1425,77.5554,34.0857,74.8055,253.2290018
516,LUCKNOW,MUMBAI,26.8393,80.9231,19.0728,72.8826,1192.384705
517,LUCKNOW,NAGPUR,26.8393,80.9231,21.1463,79.0849,659.9660343
518,LUCKNOW,PATNA,26.8393,80.9231,25.5941,85.1356,442.4151966
519,LUCKNOW,PUNE,26.8393,80.9231,18.5196,73.8553,1174.792346
520,LUCKNOW,RAIPUR,26.8393,80.9231,21.2333,81.6333,627.5119245
521,LUCKNOW,RANCHI,26.8393,80.9231,23.3432,85.3094,588.3148719
522,LUCKNOW,VARANASI,26.8393,80.9231,25.3167,83.0104,268.5484203
523,MADURAI,MUMBAI,9.919,78.1195,19.0728,72.8826,1163.207454
524,MADURAI,TIRUPATI,9.919,78.1195,13.6355,79.4199,436.8180385
525,MADURAI,VIJAYAWADA,9.919,78.1195,16.5075,80.6466,781.9547795
526,MANGALORE,MUMBAI,12.9172,74.856,19.0728,72.8826,716.1996258
527,MUMBAI,NAGPUR,19.0728,72.8826,21.1463,79.0849,687.3561569
528,MUMBAI,NANDED,19.0728,72.8826,19.1602,77.315,465.7703077
529,MUMBAI,PATNA,19.0728,72.8826,25.5941,85.1356,1452.803314
530,MUMBAI,PORT BLAIR,19.0728,72.8826,11.6501,92.733,2280.424633
531,MUMBAI,PUNE,19.0728,72.8826,18.5196,73.8553,119.4474066
532,MUMBAI,RAIPUR,19.0728,72.8826,21.2333,81.6333,944.346978
533,MUMBAI,RAJKOT,19.0728,72.8826,22.2916,70.7932,418.7226257
534,MUMBAI,RANCHI,19.0728,72.8826,23.3432,85.3094,1372.224413
535,MUMBAI,SILCHAR,19.0728,72.8826,24.8273,92.7979,2148.691175
536,MUMBAI,SRINAGAR,19.0728,72.8826,34.0857,74.8055,1680.164887
537,MUMBAI,SURAT,19.0728,72.8826,21.1959,72.8302,236.1413134
538,MUMBAI,TIRUPATI,19.0728,72.8826,13.6355,79.4199,922.7950468
539,MUMBAI,TRIVANDRUM,19.0728,72.8826,8.4834,76.9198,1255.359721
540,MUMBAI,UDAIPUR,19.0728,72.8826,24.5858,73.7135,618.9815524
541,MUMBAI,VADODARA,19.0728,72.8826,22.2994,73.2081,360.3752244
542,MUMBAI,VARANASI,19.0728,72.8826,25.3167,83.0104,1251.909735
543,MUMBAI,VISAKHAPATNAM,19.0728,72.8826,17.6801,83.2016,1099.684739
544,MUMBAI,Sindhudurg Airport,19.0728,72.8826,15.9989,73.5346,348.7206935
545,NAGPUR,PUNE,21.1463,79.0849,18.5196,73.8553,620.0283663
546,NAGPUR,RAIPUR,21.1463,79.0849,21.2333,81.6333,264.3842067
547,NASIK,PUNE,20.1129,73.8938,18.5196,73.8553,177.2129297
548,PASIGHAT,TEZPUR,28.0687,95.3323,26.6987,92.7687,295.4102241
549,PATNA,PUNE,25.5941,85.1356,18.5196,73.8553,1402.520705
550,PATNA,RANCHI,25.5941,85.1356,23.3432,85.3094,250.905873
551,PATNA,VARANASI,25.5941,85.1356,25.3167,83.0104,215.5858184
552,PORT BLAIR,VISAKHAPATNAM,11.6501,92.733,17.6801,83.2016,1224.550396
553,PUNE,RAIPUR,18.5196,73.8553,21.2333,81.6333,867.3547021
554,PUNE,TIRUPATI,18.5196,73.8553,13.6355,79.4199,805.0774532
555,PUNE,TRIVANDRUM,18.5196,73.8553,8.4834,76.9198,1163.982007
556,RAIPUR,TRIVANDRUM,21.2333,81.6333,8.4834,76.9198,1505.085861
557,RAIPUR,VISAKHAPATNAM,21.2333,81.6333,17.6801,83.2016,427.9332575
558,RAJAHMUNDRY,TIRUPATI,17.0052,81.7778,13.6355,79.4199,452.0121156
559,RAJAHMUNDRY,VISAKHAPATNAM,17.0052,81.7778,17.6801,83.2016,168.7282912
560,SHILLONG,SILCHAR,25.5689,91.8831,24.8273,92.7979,123.5775371
561,TIRUPATI,VIJAYAWADA,13.6355,79.4199,16.5075,80.6466,345.4401104
562,TIRUPATI,VISAKHAPATNAM,13.6355,79.4199,17.6801,83.2016,605.0798939
563,VIJAYAWADA,VISAKHAPATNAM,16.5075,80.6466,17.6801,83.2016,301.2263983
567,AGARTALA,CHENNAI,23.8361,91.2794,13.0878,80.2785,1664.023643
671,BENGALURU,"BIDAR AIRPORT, KARNATAKA",12.9719,77.5937,17.904,77.4796,548.5607338
725,BENGALURU,VIDYANAGAR,12.9719,77.5937,15.1784,76.6282,266.5333218
730,BHOPAL,GWALIOR,23.2547,77.4029,26.2298,78.1734,339.8403984
733,BHOPAL,LUCKNOW,23.2547,77.4029,26.8393,80.9231,533.4350297
737,BHOPAL,SURAT,23.2547,77.4029,21.1959,72.8302,523.3537248
855,DELHI,KHAJURAHO,28.652,77.2315,24.8105,79.9125,503.292122
891,DIMAPUR,HYDERABAD,25.9117,93.7217,17.3841,78.4564,1838.335552
951,HYDERABAD,NANDED,17.3841,78.4564,19.1602,77.315,231.3584002
967,HYDERABAD,VIDYANAGAR,17.3841,78.4564,15.1784,76.6282,313.4086086
990,JAIPUR,PORT BLAIR,26.9196,75.7878,11.6501,92.733,2453.08587
1005,JORHAT,NAGPUR,26.7346,94.1846,21.1463,79.0849,1654.016571
1010,KANNUR,MANGALORE,11.9171,75.5461,12.9172,74.856,134.0996427
1110,AHMEDABAD,AMRITSAR,23.0258,72.5873,31.6223,74.8753,982.158139
1122,AHMEDABAD,DURGAPUR,23.0258,72.5873,23.5158,87.308,1504.035499
1159,ALLAHABAD,LUCKNOW,25.4448,81.8432,26.8393,80.9231,180.2184319
1164,AMRITSAR,CHENNAI,31.6223,74.8753,13.0878,80.2785,2133.571228
1173,AMRITSAR,LUCKNOW,31.6223,74.8753,26.8393,80.9231,791.699631
1226,BENGALURU,JAMMU,12.9719,77.5937,32.7357,74.8691,2215.027023
1231,BENGALURU,KADAPA,12.9719,77.5937,14.5184,78.7679,213.6700827
1247,BENGALURU,PONDICHERRY,12.9719,77.5937,11.9651,79.8148,265.8652998
1268,BHOPAL,CHENNAI,23.2547,77.4029,13.0878,80.2785,1170.479752
1275,BHUBANESWAR,CHANDIGARH,20.2511,85.8153,30.7363,76.7884,1475.130274
1284,BHUBANESWAR,PATNA,20.2511,85.8153,25.5941,85.1356,598.1741338
1294,CHANDIGARH,CHENNAI,30.7363,76.7884,13.0878,80.2785,1994.794644
1306,CHANDIGARH,PATNA,30.7363,76.7884,25.5941,85.1356,997.6935428
1309,CHANDIGARH,VADODARA,30.7363,76.7884,22.2994,73.2081,1003.292952
1324,CHENNAI,KADAPA,13.0878,80.2785,14.5184,78.7679,227.8409725
1343,CHENNAI,SRINAGAR,13.0878,80.2785,34.0857,74.8055,2399.393364
1348,CHENNAI,VADODARA,13.0878,80.2785,22.2994,73.2081,1268.272519
1362,COIMBATORE,VISAKHAPATNAM,11.0056,76.9661,17.6801,83.2016,1000.709626
1364,DABOLIM,GUWAHATI,15.3803,73.8349,26.1844,91.7458,2211.793788
1379,DABOLIM,VIJAYAWADA,15.3803,73.8349,16.5075,80.6466,738.9495269
1385,DEHRA DUN,GUWAHATI,30.3244,78.0339,26.1844,91.7458,1418.539311
1386,DEHRA DUN,HYDERABAD,30.3244,78.0339,17.3841,78.4564,1439.532744
1388,DEHRA DUN,KOLKATA,30.3244,78.0339,22.5626,88.363,1341.290667
1392,DEHRA DUN,PUNE,30.3244,78.0339,18.5196,73.8553,1378.750084
1393,DEHRA DUN,VARANASI,30.3244,78.0339,25.3167,83.0104,741.121204
1423,DELHI,MANGALORE,28.652,77.2315,12.9172,74.856,1766.81614
1448,DHARAMSALA,JAIPUR,32.219,76.3234,26.9196,75.7878,591.5355395
1462,DURGAPUR,GUWAHATI,23.5158,87.308,26.1844,91.7458,537.0973283
1465,DURGAPUR,TRIVANDRUM,23.5158,87.308,8.4834,76.9198,2004.451189
1466,DURGAPUR,VADODARA,23.5158,87.308,22.2994,73.2081,1449.913938
1468,GAYA,MUMBAI,24.7969,85.0039,19.0728,72.8826,1401.966815
1472,GORAKHPUR,JAIPUR,29.4477,75.6721,26.9196,75.7878,281.3404558
1473,GORAKHPUR,KANPUR,29.4477,75.6721,26.4652,80.3497,566.5205585
1477,GORAKHPUR,VARANASI,29.4477,75.6721,25.3167,83.0104,857.56647
1496,GUWAHATI,VARANASI,26.1844,91.7458,25.3167,83.0104,880.0039315
1511,HYDERABAD,JAMMU,17.3841,78.4564,32.7357,74.8691,1744.470973
1515,HYDERABAD,KADAPA,17.3841,78.4564,14.5184,78.7679,320.3864693
1528,HYDERABAD,PONDICHERRY,17.3841,78.4564,11.9651,79.8148,620.0135159
1550,INDORE,JAMMU,22.7179,75.8333,32.7357,74.8691,1117.945156
1566,JAIPUR,PATNA,26.9196,75.7878,25.5941,85.1356,943.5238452
1570,JAIPUR,VADODARA,26.9196,75.7878,22.2994,73.2081,576.0930485
1571,JAIPUR,VARANASI,26.9196,75.7878,25.3167,83.0104,742.6798515
1573,JAISALMER,SURAT,26.9157,70.9083,21.1959,72.8302,665.2387679
1574,JAMMU,KOLKATA,32.7357,74.8691,22.5626,88.363,1742.381188
1578,JAMMU,VARANASI,32.7357,74.8691,25.3167,83.0104,1142.45136
1585,KADAPA,VIJAYAWADA,14.5184,78.7679,16.5075,80.6466,299.0529673
1586,KADAPA,VISAKHAPATNAM,14.5184,78.7679,17.6801,83.2016,589.8152734
1598,KOCHI,RAIPUR,9.9312,76.2673,21.2333,81.6333,1381.439014
1621,KOLKATA,TRIVANDRUM,22.5626,88.363,8.4834,76.9198,1986.028405
1625,KOLKATA,Kushinagar International Airport,22.5626,88.363,26.7731,83.8963,650.1897105
1635,LUCKNOW,SRINAGAR,26.8393,80.9231,34.0857,74.8055,996.0102124
1636,LUCKNOW,UDAIPUR,26.8393,80.9231,24.5858,73.7135,764.3623761
1642,MANGALORE,PUNE,12.9172,74.856,18.5196,73.8553,632.0908295
1643,MANGALORE,RAIPUR,12.9172,74.856,21.2333,81.6333,1171.671419
1647,MUMBAI,PORBANDAR,19.0728,72.8826,21.6422,69.6093,445.0175997
1672,PUNE,RANCHI,18.5196,73.8553,23.3432,85.3094,1304.222478
1675,PUNE,VISAKHAPATNAM,18.5196,73.8553,17.6801,83.2016,992.1185851
1676,RAIPUR,SRINAGAR,21.2333,81.6333,34.0857,74.8055,1578.290592
1682,SHIRDI,TIRUPATI,19.6936,74.3944,13.6355,79.4199,860.2397108
1683,SHIRDI,VISAKHAPATNAM,19.6936,74.3944,17.6801,83.2016,954.1713168
1684,TIRUCHIRAPALLY,TIRUPATI,10.7617,78.7089,13.6355,79.4199,328.7603796
1688,HYDERABAD,Gondia Airport,17.3841,78.4564,21.5221,80.2907,498.6779781
1689,Gondia Airport,INDORE,21.5221,80.2907,22.7179,75.8333,477.9972438
1729,AHMEDABAD,SHIRDI,23.0258,72.5873,19.6936,74.3944,415.0828337
1751,ALLAHABAD,JABALPUR,25.4448,81.8432,23.167,79.9501,317.7208146
1790,BELGAUM,NAGPUR,15.8521,74.5045,21.1463,79.0849,761.3200955
1865,BHUBANESWAR,DEHRA DUN,20.2511,85.8153,30.3244,78.0339,1365.23571
1889,CHANDIGARH,JAMMU,30.7363,76.7884,32.7357,74.8691,286.9915984
1937,CHENNAI,UDAIPUR,13.0878,80.2785,24.5858,73.7135,1452.491592
2017,DELHI,PORBANDAR,28.652,77.2315,21.6422,69.6093,1093.067253
2088,HUBLI,HYDERABAD,15.3478,75.1338,17.3841,78.4564,420.6067735
2143,INDORE,UDAIPUR,22.7179,75.8333,24.5858,73.7135,299.5830982
2144,JABALPUR,JAIPUR,23.167,79.9501,26.9196,75.7878,591.4574059
2206,LEH,MUMBAI,34.1425,77.5554,19.0728,72.8826,1738.243882
2236,MUMBAI,VIJAYAWADA,19.0728,72.8826,16.5075,80.6466,869.9793416
2240,NAGPUR,VARANASI,21.1463,79.0849,25.3167,83.0104,613.0312669
2249,PUNE,SURAT,18.5196,73.8553,21.1959,72.8302,316.3084649
2257,RANCHI,VARANASI,23.3432,85.3094,25.3167,83.0104,320.0053722
2265,Gondia Airport,HYDERABAD,21.5221,80.2907,17.3841,78.4564,498.6779781
2270,AGARTALA,BHUBANESWAR,23.8361,91.2794,20.2511,85.8153,689.8374038
2310,AHMEDABAD,SRINAGAR,23.0258,72.5873,34.0857,74.8055,1248.630851
2328,ALLAHABAD,CHENNAI,25.4448,81.8432,13.0878,80.2785,1383.765321
2351,AMRITSAR,RAJKOT,31.6223,74.8753,22.2916,70.7932,1113.327037
2439,BHAVNAGAR,PUNE,21.7629,72.1533,18.5196,73.8553,402.0177795
2494,CHENNAI,JABALPUR,13.0878,80.2785,23.167,79.9501,1121.291245
2500,CHENNAI,KOLHAPUR,13.0878,80.2785,16.6956,74.2317,763.5243779
2521,CHENNAI,TIRUPATI,13.0878,80.2785,13.6355,79.4199,111.0720984
2533,COIMBATORE,KOZHIKODE,11.0056,76.9661,11.248,75.7804,132.1434046
2536,COIMBATORE,MYSORE,11.0056,76.9661,12.2979,76.6393,148.0386814
2581,DELHI,JAGDALPUR,28.652,77.2315,19.0738,82.0357,1171.361518
2612,DELHI,SHILLONG,28.652,77.2315,25.5689,91.8831,1489.048615
2639,DIU,PUNE,20.7133,70.925,18.5196,73.8553,392.0265251
2679,HUBLI,MANGALORE,15.3478,75.1338,12.9172,74.856,271.925038
2681,HUBLI,MYSORE,15.3478,75.1338,12.2979,76.6393,376.0696634
2692,HYDERABAD,KANDLA,17.3841,78.4564,23.1097,70.1042,1078.660599
2811,MANGALORE,TRIVANDRUM,12.9172,74.856,8.4834,76.9198,542.1106893
2870,AGRA,AHMEDABAD,27.1833,78.0167,23.0258,72.5873,715.7710236
2881,AHMEDABAD,BHUJ,23.0258,72.5873,23.254,69.6693,299.4346131
2896,AHMEDABAD,KOLHAPUR,23.0258,72.5873,16.6956,74.2317,724.5608266
2907,AHMEDABAD,TRIVANDRUM,23.0258,72.5873,8.4834,76.9198,1681.772012
2916,AIZAWL,SILCHAR,23.7289,92.7179,24.8273,92.7979,122.4053798
3115,CHENNAI,RAJKOT,13.0878,80.2785,22.2916,70.7932,1433.193788
3237,DURGAPUR,KOLKATA,23.5158,87.308,22.5626,88.363,151.2865334
3392,LUCKNOW,PANTNAGAR,26.8393,80.9231,29.0335,79.4689,282.7212222
3496,AMRITSAR,DEHRA DUN,31.6223,74.8753,30.3244,78.0339,333.9140159
3530,BHOPAL,INDORE,23.2547,77.4029,22.7179,75.8333,171.400841
3652,COIMBATORE,TRIVANDRUM,11.0056,76.9661,8.4834,76.9198,280.5017323
3817,HYDERABAD,NASIK,17.3841,78.4564,20.1129,73.8938,568.1540292
3922,JAIPUR,LEH,26.9196,75.7878,34.1425,77.5554,820.7515439
3935,JABALPUR,KOLKATA,23.167,79.9501,22.5626,88.363,864.4595783
4013,DURGAPUR,SRINAGAR,23.5158,87.308,34.0857,74.8055,1689.994267
4028,Deoghar Airport,KOLKATA,24.4445,86.706,22.5626,88.363,268.9483433
4029,Deoghar Airport,DELHI,24.4445,86.706,28.652,77.2315,1051.646347
4038,AGARTALA,JORHAT,23.8361,91.2794,26.7346,94.1846,434.9265321
4317,DABOLIM,VARANASI,15.3803,73.8349,25.3167,83.0104,1460.258001
4403,DURGAPUR,SHIRDI,23.5158,87.308,19.6936,74.3944,1400.351601
4433,GUWAHATI,VISAKHAPATNAM,26.1844,91.7458,17.6801,83.2016,1291.747566
4513,JHARSUGUDA,MUMBAI,21.9161,84.0463,19.0728,72.8826,1204.611148
4528,KOCHI,KOZHIKODE,9.9312,76.2673,11.248,75.7804,155.7926306
4603,RANCHI,SHILLONG,23.3432,85.3094,25.5689,91.8831,709.7928693
4710,BAGDOGRA,SILCHAR,26.6851,88.3254,24.8273,92.7979,493.2036322
4828,CHANDIGARH,RAIPUR,30.7363,76.7884,21.2333,81.6333,1161.960008
4985,GAYA,JAIPUR,24.7969,85.0039,26.9196,75.7878,951.6347014
5061,IMPHAL,TEZU,24.8081,93.9442,27.9405,96.1342,410.9670743
5173,RAJAHMUNDRY,VIJAYAWADA,17.0052,81.7778,16.5075,80.6466,132.5482202
5222,AHMEDABAD,JAMMU,23.0258,72.5873,32.7357,74.8691,1102.637349
5231,AHMEDABAD,PORT BLAIR,23.0258,72.5873,11.6501,92.733,2479.658748
5240,AIZAWL,DIMAPUR,23.7289,92.7179,25.9117,93.7217,263.0062087
5339,BENGALURU,NASIK,12.9719,77.5937,20.1129,73.8938,886.4433992
5361,BHOPAL,BILASPUR,23.2547,77.4029,22.08,82.1554,504.7937004
5378,BHUBANESWAR,JEYPORE,20.2511,85.8153,18.8813,82.5527,374.2194367
5389,BILASPUR,INDORE,22.08,82.1554,22.7179,75.8333,653.7536766
5424,CHENNAI,KANPUR,13.0878,80.2785,26.4652,80.3497,1487.517551
5455,COIMBATORE,KOLKATA,11.0056,76.9661,22.5626,88.363,1765.426952
5489,DEHRA DUN,PATNA,30.3244,78.0339,25.5941,85.1356,873.2263616
5531,DELHI,SHIMLA,28.652,77.2315,31.1044,77.1666,272.7661991
5549,DIBRUGARH,TEZU,27.4799,94.9084,27.9405,96.1342,131.0884244
5593,GWALIOR,JABALPUR,26.2298,78.1734,23.167,79.9501,384.953381
5612,HYDERABAD,KANPUR,17.3841,78.4564,26.4652,80.3497,1028.427216
5657,JABALPUR,JODHPUR,23.167,79.9501,26.2684,73.0059,781.4139085
5688,KESHOD,MUMBAI,21.318,70.267,19.0728,72.8826,369.8920895
5692,KOCHI,NAGPUR,9.9312,76.2673,21.1463,79.0849,1282.933495
5693,KOCHI,PATNA,9.9312,76.2673,25.5941,85.1356,1976.824243
5696,KOCHI,VARANASI,9.9312,76.2673,25.3167,83.0104,1852.943765
5723,LILABARI,SHILLONG,27.2874,94.093,25.5689,91.8831,291.4257518
5738,MANGALORE,RANCHI,12.9172,74.856,23.3432,85.3094,1599.842603
5758,NASIK,TIRUPATI,20.1129,73.8938,13.6355,79.4199,929.5363855
5761,PATNA,SRINAGAR,25.5941,85.1356,34.0857,74.8055,1371.136777
5762,PATNA,TRIVANDRUM,25.5941,85.1356,8.4834,76.9198,2091.768783
5778,VARANASI,VISAKHAPATNAM,25.3167,83.0104,17.6801,83.2016,849.3810527
5784,Zero Airport,DIBRUGARH,27.5447,93.8196,27.4799,94.9084,107.6186727
5785,AGARTALA,VISAKHAPATNAM,23.8361,91.2794,17.6801,83.2016,1082.99606
5898,BENGALURU,BIDAR ,12.9719,77.5937,17.908,77.5152,548.9337133
5922,BENGALURU,KALABURAGI,12.9719,77.5937,17.3104,76.9533,487.2887468
5964,BHOPAL,UDAIPUR,23.2547,77.4029,24.5858,73.7135,403.1373375
5985,CHANDIGARH,INDORE,30.7363,76.7884,22.7179,75.8333,896.6224583
5986,CHANDIGARH,KOCHI,30.7363,76.7884,9.9312,76.2673,2314.049565
6054,COIMBATORE,DURGAPUR,11.0056,76.9661,23.5158,87.308,1770.477364
6056,COIMBATORE,RAIPUR,11.0056,76.9661,21.2333,81.6333,1241.414554
6057,DABOLIM,DARBHANGA,15.3803,73.8349,26.1522,85.8971,1732.084666
6136,DELHI,HUBLI,28.652,77.2315,15.3478,75.1338,1494.979105
6147,DIBRUGARH,LILABARI,27.4799,94.9084,27.2874,94.093,83.30536708
6148,DIBRUGARH,PASIGHAT,27.4799,94.9084,28.0687,95.3323,77.62607933
6155,DIMAPUR,LILABARI,25.9117,93.7217,27.2874,94.093,157.3620626
6163,GHAZIABAD,KALABURAGI,28.6653,77.4391,17.3104,76.9533,1263.581255
6236,IMPHAL,SILCHAR,24.8081,93.9442,24.8273,92.7979,115.7106432
6248,ITANAGAR,MUMBAI,26.9718,93.6423,19.0728,72.8826,2294.851569
6249,ITANAGAR,KOLKATA,26.9718,93.6423,22.5626,88.363,724.0414381
6250,ITANAGAR,DIBRUGARH,26.9718,93.6423,27.4799,94.9084,137.3439886
6251,ITANAGAR,PASIGHAT,26.9718,93.6423,28.0687,95.3323,206.5159255
6252,ITANAGAR,ZIRO,26.9718,93.6423,27.5447,93.8196,66.07030718
6268,JEYPORE,VISAKHAPATNAM,18.8813,82.5527,17.6801,83.2016,150.1133313
6276,KALABURAGI,TIRUPATI,17.3104,76.9533,13.6355,79.4199,486.6418152
6282,KANNUR,VARANASI,11.9171,75.5461,25.3167,83.0104,1683.688252
6285,KHAJURAHO,VARANASI,24.8105,79.9125,25.3167,83.0104,317.0624348
6295,KOCHI,VISAKHAPATNAM,9.9312,76.2673,17.6801,83.2016,1141.07336
6318,KOZHIKODE,TRIVANDRUM,11.248,75.7804,8.4834,76.9198,331.7797468
6321,LILABARI,PASIGHAT,27.2874,94.093,28.0687,95.3323,149.7984876
6323,LILABARI,TEZPUR,27.2874,94.093,26.6987,92.7687,146.634478
6368,RANCHI,VISAKHAPATNAM,23.3432,85.3094,17.6801,83.2016,666.8310536
6376,ZIRO,DIBRUGARH,27.5447,93.8196,27.4799,94.9084,107.6186727
6377,ZIRO,LILABARI,27.5447,93.8196,27.2874,94.093,39.3295699
6725,DHARAMSALA,SHIMLA,32.219,76.3234,31.1044,77.1666,147.4072787
6742,DURGAPUR,LUCKNOW,23.5158,87.308,26.8393,80.9231,741.0331544
6860,KANNUR,TIRUCHIRAPALLY,11.9171,75.5461,10.7617,78.7089,367.9707044
6898,KULLU,SHIMLA,31.9578,77.1094,31.1044,77.1666,95.04847731
6937,PORT BLAIR,PUNE,11.6501,92.733,18.5196,73.8553,2163.961024
6950,SRINAGAR,VARANASI,34.0857,74.8055,25.3167,83.0104,1255.425726
6953,TRIVANDRUM,TUTICORIN,8.4834,76.9198,8.7259,78.027,124.6799101
6958,"Hollongi Airport, Itanagar",KOLKATA,27.0869,93.6086,22.5626,88.363,730.1129752
6959,"Hollongi Airport, Itanagar",MUMBAI,27.0869,93.6086,19.0728,72.8826,2295.696783
6960,"Hollongi Airport, Itanagar",DIBRUGARH,27.0869,93.6086,27.4799,94.9084,135.6809811
6961,"Hollongi Airport, Itanagar",PASIGHAT,27.0869,93.6086,28.0687,95.3323,201.9387112
6962,"Hollongi Airport, Itanagar",ZIRO,27.0869,93.6086,27.5447,93.8196,55.00790365
6963,DIBRUGARH,ZIRO,27.4799,94.9084,27.5447,93.8196,107.6186727
